theogeorgantas,th3oG!,Thodoris,Georgantas,t.georgantas@gmail.com,
georpentaris,#G7p_nt,George,Pentaris,g.pentaris@gmail.com,
dimipapathanasiou,12@m&Inc.,Jim,Papathanasiou,d.papathanasiou@gmail.com,
argyro.sk,moscato_d@sti,Argyro,Skoumiou,a.skoumiou@gmail.com,
cynthia_k,Ha_h@.AHaHa,Athanasia,Kyriazi,c.kyriazi@gmail.com,
athina_kfl,@LT_4ever,Athina,Koufolia,a.koufolia@gmail.com,
dimichaniotis,olympiakara,Jim,Chaniotis,d.chaniotis@gmail.com,